--------------
/* Kai Yun Pekarsky */

    /* enable warnings! */

/*  TASK 00 */ 
select user(), current_date(), version(), @@sql_mode
--------------

*************************** 1. row ***************************
        user(): a_kai@localhost
current_date(): 2014-11-04
     version(): 5.6.20
    @@sql_mode: NO_ENGINE_SUBSTITUTION
1 row in set (0.13 sec)

--------------
/*  TASK 01 */
select book_id, title
from a_bkinfo.books
where book_id in (
      select book_id
      from a_bkorders.order_details)
and book_id in (
      select book_id
      from a_bkinfo.book_topics
      where topic_id in ('DB','SQL'))
order by book_id
--------------

+---------+-----------------------------------------+
| book_id | title                                   |
+---------+-----------------------------------------+
|    1105 | SQL:1999 Relational Language Concepts   |
|    1106 | SQL for Smarties                        |
|    1107 | SQL Puzzles and Answers                 |
|    1108 | Database Systems                        |
|    1109 | Intro to DB Systems-7th Ed              |
|    1110 | Adv SQL:1999 Object_Relational Features |
|    1128 | Temporal Data and the Relational Model  |
|    1142 | Relational Database Theory              |
|    1161 | SQL Programming Style                   |
|    1162 | Trees and Hierarchies                   |
|    1175 | MySQL in a Nutshell                     |
|    1180 | MySQL Database Design and Tuning        |
|    1182 | MySQL Cookbook                          |
|    1184 | MySQL Developer's Library               |
|    1185 | MySQL Stored Procedures                 |
|    1188 | SQL for MySQL Developers                |
|    1278 | Beginning VB 2008 Databases             |
|    1306 | Myths of SQL                            |
|    1483 | Programming with XML                    |
|    2002 | SQL Server 2005 A Beginner's Guide      |
|    2004 | SQL Server 2005 Stored Procedure Prg    |
|    2005 | Developer's Guide to SQL Server 2005    |
|    2006 | T_SQL Programming (Inside series)       |
|    2007 | T_SQL Querying (Inside series)          |
|    2008 | SQL Server 2005 T_Sql Recipies          |
|    2009 | SQL Server 2005 Express Edition         |
|    2018 | Oracle Database 11g SQL                 |
|    2025 | Oracle SQL Fundamentals I Exam Guide    |
|    2032 | Oracle and the rest of the world        |
+---------+-----------------------------------------+
29 rows in set (0.28 sec)

--------------
/*  TASK 02 */
select book_id, title
from a_bkinfo.books
where book_id in (
      select book_id
      from a_bkorders.order_details)
and book_id in (
      select book_id
      from (
            select book_id, count(topic_id)
            from a_bkinfo.book_topics
            group by book_id
            having count(topic_id) > 1
            ) multi_topic)
and book_id in (
      select book_id
      from a_bkinfo.book_topics
      where topic_id = 'DB')
order by book_id
--------------

+---------+-----------------------------------------+
| book_id | title                                   |
+---------+-----------------------------------------+
|    1105 | SQL:1999 Relational Language Concepts   |
|    1110 | Adv SQL:1999 Object_Relational Features |
|    1128 | Temporal Data and the Relational Model  |
|    1180 | MySQL Database Design and Tuning        |
|    1278 | Beginning VB 2008 Databases             |
|    2032 | Oracle and the rest of the world        |
+---------+-----------------------------------------+
6 rows in set (0.05 sec)

--------------
/*  TASK 03 */
select book_id, title
from a_bkinfo.books
where book_id in (
      select book_id
      from a_bkorders.order_details)
and book_id in (
      select book_id
      from a_bkinfo.book_topics
      where topic_id = 'SQL')
and book_id not in (
      select book_id
      from a_bkinfo.book_topics
      where topic_id = 'DB')
order by book_id
--------------

+---------+--------------------------------------+
| book_id | title                                |
+---------+--------------------------------------+
|    1106 | SQL for Smarties                     |
|    1107 | SQL Puzzles and Answers              |
|    1161 | SQL Programming Style                |
|    1162 | Trees and Hierarchies                |
|    1175 | MySQL in a Nutshell                  |
|    1182 | MySQL Cookbook                       |
|    1184 | MySQL Developer's Library            |
|    1185 | MySQL Stored Procedures              |
|    1188 | SQL for MySQL Developers             |
|    1306 | Myths of SQL                         |
|    1483 | Programming with XML                 |
|    2002 | SQL Server 2005 A Beginner's Guide   |
|    2004 | SQL Server 2005 Stored Procedure Prg |
|    2005 | Developer's Guide to SQL Server 2005 |
|    2006 | T_SQL Programming (Inside series)    |
|    2007 | T_SQL Querying (Inside series)       |
|    2008 | SQL Server 2005 T_Sql Recipies       |
|    2009 | SQL Server 2005 Express Edition      |
|    2018 | Oracle Database 11g SQL              |
|    2025 | Oracle SQL Fundamentals I Exam Guide |
+---------+--------------------------------------+
20 rows in set (0.00 sec)

--------------
/*  TASK 04 */
select book_id, title, year_publd
from a_bkinfo.books
where book_id in (
      select book_id
      from (
            select book_id, sum(order_price*quantity)
            from a_bkorders.order_details
            group by book_id
            having sum(order_price*quantity) >= all(
                  select sum(order_price*quantity)
                  from a_bkorders.order_details
                  group by book_id)
            ) tb2)
--------------

+---------+----------------------------------------+------------+
| book_id | title                                  | year_publd |
+---------+----------------------------------------+------------+
|    1128 | Temporal Data and the Relational Model |       2003 |
+---------+----------------------------------------+------------+
1 row in set (0.28 sec)

--------------
/*  TASK 05 */
select `Low Order Quarter`
from (
      select concat(year(order_date),' quarter ',quarter(order_date)) "Low Order Quarter"
      , count(order_id)
      from a_bkorders.order_headers
      group by concat(year(order_date),' quarter ',quarter(order_date))
      having count(order_id) <= all(
             select count(order_id)
             from a_bkorders.order_headers
             group by concat(year(order_date),' quarter ',quarter(order_date)))
      ) tb1
--------------

+-------------------+
| Low Order Quarter |
+-------------------+
| 2014 quarter 4    |
+-------------------+
1 row in set (0.02 sec)

--------------
      
/* TASK 06 */
select cust_id, cust_name_last
from a_bkorders.customers
where cust_id in (
      select cust_id
	  from a_bkorders.order_headers
	  where year(order_date) = year(current_date()) -1
      group by cust_id
      having count(order_id) >= 3
      and count(order_id) <= 5
      ) 
order by cust_id
--------------

+---------+----------------+
| cust_id | cust_name_last |
+---------+----------------+
|  200368 | Blake          |
|  221297 | Dodgson        |
|  222477 | Rossetti       |
|  224038 | Austin         |
|  227105 | Kafka          |
|  234138 | Keats          |
|  234709 | Brahms         |
|  267780 | Shelly         |
|  272611 | Jarrett        |
|  272787 | Carlson        |
|  276381 | Collins        |
|  290298 | Swift          |
+---------+----------------+
12 rows in set (0.00 sec)

--------------
/* TASK 07 */
select book_id, title
from a_bkinfo.books
where book_id in (
      select book_id
      from (
            select book_id, sum(quantity)
            from a_bkorders.order_details
            group by book_id
            having sum(quantity) > 500
            ) tb2)
order by book_id
--------------

+---------+------------------------------------------------+
| book_id | title                                          |
+---------+------------------------------------------------+
|    1103 | Selected Poems                                 |
|    1108 | Database Systems                               |
|    1128 | Temporal Data and the Relational Model         |
|    1305 | Journeys Through Flatland                      |
|    1401 | Visual Studio Tools for Office                 |
|    1448 | Backyard Birdsong Guide: Western North America |
|    1602 | Goblin Market and Other Poems                  |
|    2025 | Oracle SQL Fundamentals I Exam Guide           |
+---------+------------------------------------------------+
8 rows in set (0.00 sec)

--------------
/* TASK 08 */
select book_id, title
from a_bkinfo.books
where list_price > (
      select max(list_price)
      from a_bkinfo.books
      where book_id in (
            select book_id
            from (
                  select book_id, topic_id
                  from a_bkinfo.book_topics
                  where topic_id = 'DB'
                  ) tb2))
order by book_id
--------------

+---------+--------------------------------------+
| book_id | title                                |
+---------+--------------------------------------+
|    1306 | Myths of SQL                         |
|    1623 | Lichens of North America             |
|    1627 | The Ants                             |
|    1978 | Acoustic Communication in Birds Vol1 |
|    2031 | Comparative SQL                      |
+---------+--------------------------------------+
5 rows in set (0.00 sec)

Bye
